image,orig_split,stratum,project_split
inclusion_1,train,inclusion,train
inclusion_10,train,inclusion,val
inclusion_100,train,inclusion,train
inclusion_101,train,inclusion,train
inclusion_102,train,inclusion,train
inclusion_103,train,inclusion,train
inclusion_104,train,inclusion,train
inclusion_105,train,inclusion,train
inclusion_106,train,inclusion,train
inclusion_107,train,inclusion,train
inclusion_108,train,inclusion,train
inclusion_109,train,inclusion,train
inclusion_11,train,inclusion,train
inclusion_110,train,inclusion,train
inclusion_111,train,inclusion,val
inclusion_112,train,inclusion,train
inclusion_113,train,inclusion,train
inclusion_114,train,inclusion,train
inclusion_115,train,inclusion,train
inclusion_116,train,inclusion,train
inclusion_117,train,inclusion,val
inclusion_118,train,inclusion,val
inclusion_119,train,inclusion,train
inclusion_12,train,inclusion,train
inclusion_120,train,inclusion,train
inclusion_121,train,inclusion,train
inclusion_122,train,inclusion,train
inclusion_123,train,inclusion,train
inclusion_124,train,inclusion,train
inclusion_125,train,inclusion,train
inclusion_126,train,inclusion,train
inclusion_127,train,inclusion,train
inclusion_128,train,inclusion,train
inclusion_129,train,inclusion,train
inclusion_13,train,inclusion,train
inclusion_130,train,inclusion,train
inclusion_131,train,inclusion,train
inclusion_132,train,inclusion,val
inclusion_133,train,inclusion,train
inclusion_134,train,inclusion,train
inclusion_135,train,inclusion,train
inclusion_136,train,inclusion,train
inclusion_137,train,inclusion,train
inclusion_138,train,inclusion,train
inclusion_139,train,inclusion,train
inclusion_14,train,inclusion,train
inclusion_140,train,inclusion,train
inclusion_141,train,inclusion,train
inclusion_142,train,inclusion,val
inclusion_143,train,inclusion,train
inclusion_144,train,inclusion,val
inclusion_145,train,inclusion,train
inclusion_146,train,inclusion,val
inclusion_147,train,inclusion,train
inclusion_148,train,inclusion,val
inclusion_149,train,inclusion,train
inclusion_15,train,inclusion,train
inclusion_150,train,inclusion,val
inclusion_151,train,inclusion,val
inclusion_152,train,inclusion,train
inclusion_153,train,inclusion,train
inclusion_154,train,inclusion,train
inclusion_155,train,inclusion,train
inclusion_156,train,inclusion,val
inclusion_157,train,inclusion,train
inclusion_158,train,inclusion,train
inclusion_159,train,inclusion,train
inclusion_16,train,inclusion,train
inclusion_160,train,inclusion,train
inclusion_161,train,inclusion,train
inclusion_162,train,inclusion,train
inclusion_163,train,inclusion,val
inclusion_164,train,inclusion,train
inclusion_165,train,inclusion,train
inclusion_166,train,inclusion,val
inclusion_167,train,inclusion,train
inclusion_168,train,inclusion,train
inclusion_169,train,inclusion,train
inclusion_17,train,inclusion,train
inclusion_170,train,inclusion,train
inclusion_171,train,inclusion,train
inclusion_172,train,inclusion,train
inclusion_173,train,inclusion,train
inclusion_174,train,inclusion,train
inclusion_175,train,inclusion,train
inclusion_176,train,inclusion,train
inclusion_177,train,inclusion,train
inclusion_178,train,inclusion,val
inclusion_179,train,inclusion,val
inclusion_18,train,inclusion,train
inclusion_180,train,inclusion,train
inclusion_181,train,inclusion,train
inclusion_182,train,inclusion,val
inclusion_183,train,inclusion,train
inclusion_184,train,inclusion,train
inclusion_185,train,inclusion,train
inclusion_186,train,inclusion,train
inclusion_187,train,inclusion,train
inclusion_188,train,inclusion,train
inclusion_189,train,inclusion,val
inclusion_19,train,inclusion,train
inclusion_190,train,inclusion,train
inclusion_191,train,inclusion,val
inclusion_192,train,inclusion,val
inclusion_193,train,inclusion,train
inclusion_194,train,inclusion,train
inclusion_195,train,inclusion,val
inclusion_196,train,inclusion,val
inclusion_197,train,inclusion,train
inclusion_198,train,inclusion,train
inclusion_199,train,inclusion,train
inclusion_2,train,inclusion,train
inclusion_20,train,inclusion,train
inclusion_200,train,inclusion,train
inclusion_201,train,inclusion,train
inclusion_202,train,inclusion,train
inclusion_203,train,inclusion,val
inclusion_204,train,inclusion,train
inclusion_205,train,inclusion,train
inclusion_206,train,inclusion,train
inclusion_207,train,inclusion,train
inclusion_208,train,inclusion,val
inclusion_209,train,inclusion,train
inclusion_21,train,inclusion,train
inclusion_210,train,inclusion,train
inclusion_211,train,inclusion,train
inclusion_212,train,inclusion,train
inclusion_213,train,inclusion,train
inclusion_214,train,inclusion,train
inclusion_215,train,inclusion,val
inclusion_216,train,inclusion,val
inclusion_217,train,inclusion,train
inclusion_218,train,inclusion,train
inclusion_219,train,inclusion,train
inclusion_22,train,inclusion,train
inclusion_220,train,inclusion,train
inclusion_221,train,inclusion,train
inclusion_222,train,inclusion,train
inclusion_223,train,inclusion,train
inclusion_224,train,inclusion,train
inclusion_225,train,inclusion,train
inclusion_226,train,inclusion,train
inclusion_227,train,inclusion,train
inclusion_228,train,inclusion,train
inclusion_229,train,inclusion,train
inclusion_23,train,inclusion,train
inclusion_230,train,inclusion,train
inclusion_231,train,inclusion,train
inclusion_232,train,inclusion,train
inclusion_233,train,inclusion,val
inclusion_234,train,inclusion,train
inclusion_235,train,inclusion,val
inclusion_236,train,inclusion,train
inclusion_237,train,inclusion,train
inclusion_238,train,inclusion,train
inclusion_239,train,inclusion,train
inclusion_24,train,inclusion,train
inclusion_240,train,inclusion,val
inclusion_241,validation,inclusion,test
inclusion_242,validation,inclusion,test
inclusion_243,validation,inclusion,test
inclusion_244,validation,inclusion,test
inclusion_245,validation,inclusion,test
inclusion_246,validation,inclusion,test
inclusion_247,validation,inclusion,test
inclusion_248,validation,inclusion,test
inclusion_249,validation,inclusion,test
inclusion_25,train,inclusion,train
inclusion_250,validation,inclusion,test
inclusion_251,validation,inclusion,test
inclusion_252,validation,inclusion,test
inclusion_253,validation,inclusion,test
inclusion_254,validation,inclusion,test
inclusion_255,validation,inclusion,test
inclusion_256,validation,inclusion,test
inclusion_257,validation,inclusion,test
inclusion_258,validation,inclusion,test
inclusion_259,validation,inclusion,test
inclusion_26,train,inclusion,train
inclusion_260,validation,inclusion,test
inclusion_261,validation,inclusion,test
inclusion_262,validation,inclusion,test
inclusion_263,validation,inclusion,test
inclusion_264,validation,inclusion,test
inclusion_265,validation,inclusion,test
inclusion_266,validation,inclusion,test
inclusion_267,validation,inclusion,test
inclusion_268,validation,inclusion,test
inclusion_269,validation,inclusion,test
inclusion_27,train,inclusion,val
inclusion_270,validation,inclusion,test
inclusion_271,validation,inclusion,test
inclusion_272,validation,inclusion,test
inclusion_273,validation,inclusion,test
inclusion_274,validation,inclusion,test
inclusion_275,validation,inclusion,test
inclusion_276,validation,inclusion,test
inclusion_277,validation,inclusion,test
inclusion_278,validation,inclusion,test
inclusion_279,validation,inclusion,test
inclusion_28,train,inclusion,train
inclusion_280,validation,inclusion,test
inclusion_281,validation,inclusion,test
inclusion_282,validation,inclusion,test
inclusion_283,validation,inclusion,test
inclusion_284,validation,inclusion,test
inclusion_285,validation,inclusion,test
inclusion_286,validation,inclusion,test
inclusion_287,validation,inclusion,test
inclusion_288,validation,inclusion,test
inclusion_289,validation,inclusion,test
inclusion_29,train,inclusion,train
inclusion_290,validation,inclusion,test
inclusion_291,validation,inclusion,test
inclusion_292,validation,inclusion,test
inclusion_293,validation,inclusion,test
inclusion_294,validation,inclusion,test
inclusion_295,validation,inclusion,test
inclusion_296,validation,inclusion,test
inclusion_297,validation,inclusion,test
inclusion_298,validation,inclusion,test
inclusion_299,validation,inclusion,test
inclusion_3,train,inclusion,train
inclusion_30,train,inclusion,train
inclusion_300,validation,inclusion,test
inclusion_31,train,inclusion,train
inclusion_32,train,inclusion,train
inclusion_33,train,inclusion,train
inclusion_34,train,inclusion,train
inclusion_35,train,inclusion,val
inclusion_36,train,inclusion,train
inclusion_37,train,inclusion,train
inclusion_38,train,inclusion,train
inclusion_39,train,inclusion,train
inclusion_4,train,inclusion,val
inclusion_40,train,inclusion,train
inclusion_41,train,inclusion,train
inclusion_42,train,inclusion,train
inclusion_43,train,inclusion,train
inclusion_44,train,inclusion,val
inclusion_45,train,inclusion,train
inclusion_46,train,inclusion,train
inclusion_47,train,inclusion,train
inclusion_48,train,inclusion,train
inclusion_49,train,inclusion,train
inclusion_5,train,inclusion,train
inclusion_50,train,inclusion,train
inclusion_51,train,inclusion,val
inclusion_52,train,inclusion,val
inclusion_53,train,inclusion,val
inclusion_54,train,inclusion,train
inclusion_55,train,inclusion,val
inclusion_56,train,inclusion,train
inclusion_57,train,inclusion,train
inclusion_58,train,inclusion,train
inclusion_59,train,inclusion,train
inclusion_6,train,inclusion,train
inclusion_60,train,inclusion,train
inclusion_61,train,inclusion,train
inclusion_62,train,inclusion,val
inclusion_63,train,inclusion,val
inclusion_64,train,inclusion,train
inclusion_65,train,inclusion,val
inclusion_66,train,inclusion,val
inclusion_67,train,inclusion,train
inclusion_68,train,inclusion,train
inclusion_69,train,inclusion,train
inclusion_7,train,inclusion,train
inclusion_70,train,inclusion,train
inclusion_71,train,inclusion,train
inclusion_72,train,inclusion,val
inclusion_73,train,inclusion,train
inclusion_74,train,inclusion,val
inclusion_75,train,inclusion,train
inclusion_76,train,inclusion,val
inclusion_77,train,inclusion,train
inclusion_78,train,inclusion,train
inclusion_79,train,inclusion,train
inclusion_8,train,inclusion,train
inclusion_80,train,inclusion,train
inclusion_81,train,inclusion,train
inclusion_82,train,inclusion,val
inclusion_83,train,inclusion,train
inclusion_84,train,inclusion,train
inclusion_85,train,inclusion,train
inclusion_86,train,inclusion,train
inclusion_87,train,inclusion,val
inclusion_88,train,inclusion,train
inclusion_89,train,inclusion,train
inclusion_9,train,inclusion,train
inclusion_90,train,inclusion,train
inclusion_91,train,inclusion,train
inclusion_92,train,inclusion,train
inclusion_93,train,inclusion,val
inclusion_94,train,inclusion,train
inclusion_95,train,inclusion,train
inclusion_96,train,inclusion,train
inclusion_97,train,inclusion,val
inclusion_98,train,inclusion,train
inclusion_99,train,inclusion,train
rolled-in_scale_1,train,rolled-in_scale,train
rolled-in_scale_10,train,rolled-in_scale,train
rolled-in_scale_100,train,rolled-in_scale,train
rolled-in_scale_101,train,rolled-in_scale,train
rolled-in_scale_102,train,rolled-in_scale,train
rolled-in_scale_103,train,rolled-in_scale,train
rolled-in_scale_104,train,rolled-in_scale,train
rolled-in_scale_105,train,rolled-in_scale,val
rolled-in_scale_106,train,rolled-in_scale,train
rolled-in_scale_107,train,rolled-in_scale,train
rolled-in_scale_108,train,rolled-in_scale,train
rolled-in_scale_109,train,rolled-in_scale,train
rolled-in_scale_11,train,rolled-in_scale,train
rolled-in_scale_110,train,rolled-in_scale,train
rolled-in_scale_111,train,rolled-in_scale,train
rolled-in_scale_112,train,rolled-in_scale,train
rolled-in_scale_113,train,rolled-in_scale,train
rolled-in_scale_114,train,rolled-in_scale,train
rolled-in_scale_115,train,rolled-in_scale,train
rolled-in_scale_116,train,rolled-in_scale,train
rolled-in_scale_117,train,rolled-in_scale,val
rolled-in_scale_118,train,rolled-in_scale,val
rolled-in_scale_119,train,rolled-in_scale,train
rolled-in_scale_12,train,rolled-in_scale,train
rolled-in_scale_120,train,rolled-in_scale,train
rolled-in_scale_121,train,rolled-in_scale,train
rolled-in_scale_122,train,rolled-in_scale,val
rolled-in_scale_123,train,rolled-in_scale,val
rolled-in_scale_124,train,rolled-in_scale,train
rolled-in_scale_125,train,rolled-in_scale,val
rolled-in_scale_126,train,rolled-in_scale,train
rolled-in_scale_127,train,rolled-in_scale,train
rolled-in_scale_128,train,rolled-in_scale,val
rolled-in_scale_129,train,rolled-in_scale,train
rolled-in_scale_13,train,rolled-in_scale,train
rolled-in_scale_130,train,rolled-in_scale,train
rolled-in_scale_131,train,rolled-in_scale,train
rolled-in_scale_132,train,rolled-in_scale,val
rolled-in_scale_133,train,rolled-in_scale,train
rolled-in_scale_134,train,rolled-in_scale,train
rolled-in_scale_135,train,rolled-in_scale,train
rolled-in_scale_136,train,rolled-in_scale,train
rolled-in_scale_137,train,rolled-in_scale,train
rolled-in_scale_138,train,rolled-in_scale,train
rolled-in_scale_139,train,rolled-in_scale,train
rolled-in_scale_14,train,rolled-in_scale,train
rolled-in_scale_140,train,rolled-in_scale,train
rolled-in_scale_141,train,rolled-in_scale,val
rolled-in_scale_142,train,rolled-in_scale,train
rolled-in_scale_143,train,rolled-in_scale,train
rolled-in_scale_144,train,rolled-in_scale,val
rolled-in_scale_145,train,rolled-in_scale,train
rolled-in_scale_146,train,rolled-in_scale,train
rolled-in_scale_147,train,rolled-in_scale,val
rolled-in_scale_148,train,rolled-in_scale,train
rolled-in_scale_149,train,rolled-in_scale,train
rolled-in_scale_15,train,rolled-in_scale,train
rolled-in_scale_150,train,rolled-in_scale,train
rolled-in_scale_151,train,rolled-in_scale,train
rolled-in_scale_152,train,rolled-in_scale,train
rolled-in_scale_153,train,rolled-in_scale,train
rolled-in_scale_154,train,rolled-in_scale,train
rolled-in_scale_155,train,rolled-in_scale,train
rolled-in_scale_156,train,rolled-in_scale,train
rolled-in_scale_157,train,rolled-in_scale,train
rolled-in_scale_158,train,rolled-in_scale,train
rolled-in_scale_159,train,rolled-in_scale,train
rolled-in_scale_16,train,rolled-in_scale,val
rolled-in_scale_160,train,rolled-in_scale,train
rolled-in_scale_161,train,rolled-in_scale,train
rolled-in_scale_162,train,rolled-in_scale,train
rolled-in_scale_163,train,rolled-in_scale,train
rolled-in_scale_164,train,rolled-in_scale,train
rolled-in_scale_165,train,rolled-in_scale,train
rolled-in_scale_166,train,rolled-in_scale,train
rolled-in_scale_167,train,rolled-in_scale,train
rolled-in_scale_168,train,rolled-in_scale,train
rolled-in_scale_169,train,rolled-in_scale,train
rolled-in_scale_17,train,rolled-in_scale,train
rolled-in_scale_170,train,rolled-in_scale,train
rolled-in_scale_171,train,rolled-in_scale,train
rolled-in_scale_172,train,rolled-in_scale,val
rolled-in_scale_173,train,rolled-in_scale,train
rolled-in_scale_174,train,rolled-in_scale,train
rolled-in_scale_175,train,rolled-in_scale,train
rolled-in_scale_176,train,rolled-in_scale,train
rolled-in_scale_177,train,rolled-in_scale,train
rolled-in_scale_178,train,rolled-in_scale,train
rolled-in_scale_179,train,rolled-in_scale,train
rolled-in_scale_18,train,rolled-in_scale,train
rolled-in_scale_180,train,rolled-in_scale,train
rolled-in_scale_181,train,rolled-in_scale,train
rolled-in_scale_182,train,rolled-in_scale,val
rolled-in_scale_183,train,rolled-in_scale,train
rolled-in_scale_184,train,rolled-in_scale,train
rolled-in_scale_185,train,rolled-in_scale,train
rolled-in_scale_186,train,rolled-in_scale,val
rolled-in_scale_187,train,rolled-in_scale,train
rolled-in_scale_188,train,rolled-in_scale,val
rolled-in_scale_189,train,rolled-in_scale,train
rolled-in_scale_19,train,rolled-in_scale,train
rolled-in_scale_190,train,rolled-in_scale,train
rolled-in_scale_191,train,rolled-in_scale,train
rolled-in_scale_192,train,rolled-in_scale,train
rolled-in_scale_193,train,rolled-in_scale,train
rolled-in_scale_194,train,rolled-in_scale,train
rolled-in_scale_195,train,rolled-in_scale,train
rolled-in_scale_196,train,rolled-in_scale,train
rolled-in_scale_197,train,rolled-in_scale,val
rolled-in_scale_198,train,rolled-in_scale,val
rolled-in_scale_199,train,rolled-in_scale,val
rolled-in_scale_2,train,rolled-in_scale,val
rolled-in_scale_20,train,rolled-in_scale,train
rolled-in_scale_200,train,rolled-in_scale,train
rolled-in_scale_201,train,rolled-in_scale,val
rolled-in_scale_202,train,rolled-in_scale,train
rolled-in_scale_203,train,rolled-in_scale,train
rolled-in_scale_204,train,rolled-in_scale,train
rolled-in_scale_205,train,rolled-in_scale,val
rolled-in_scale_206,train,rolled-in_scale,train
rolled-in_scale_207,train,rolled-in_scale,train
rolled-in_scale_208,train,rolled-in_scale,train
rolled-in_scale_209,train,rolled-in_scale,train
rolled-in_scale_21,train,rolled-in_scale,train
rolled-in_scale_210,train,rolled-in_scale,train
rolled-in_scale_211,train,rolled-in_scale,train
rolled-in_scale_212,train,rolled-in_scale,train
rolled-in_scale_213,train,rolled-in_scale,val
rolled-in_scale_214,train,rolled-in_scale,train
rolled-in_scale_215,train,rolled-in_scale,train
rolled-in_scale_216,train,rolled-in_scale,train
rolled-in_scale_217,train,rolled-in_scale,train
rolled-in_scale_218,train,rolled-in_scale,train
rolled-in_scale_219,train,rolled-in_scale,train
rolled-in_scale_22,train,rolled-in_scale,val
rolled-in_scale_220,train,rolled-in_scale,val
rolled-in_scale_221,train,rolled-in_scale,train
rolled-in_scale_222,train,rolled-in_scale,train
rolled-in_scale_223,train,rolled-in_scale,train
rolled-in_scale_224,train,rolled-in_scale,train
rolled-in_scale_225,train,rolled-in_scale,train
rolled-in_scale_226,train,rolled-in_scale,val
rolled-in_scale_227,train,rolled-in_scale,train
rolled-in_scale_228,train,rolled-in_scale,train
rolled-in_scale_229,train,rolled-in_scale,val
rolled-in_scale_23,train,rolled-in_scale,val
rolled-in_scale_230,train,rolled-in_scale,train
rolled-in_scale_231,train,rolled-in_scale,val
rolled-in_scale_232,train,rolled-in_scale,train
rolled-in_scale_233,train,rolled-in_scale,train
rolled-in_scale_234,train,rolled-in_scale,train
rolled-in_scale_235,train,rolled-in_scale,train
rolled-in_scale_236,train,rolled-in_scale,val
rolled-in_scale_237,train,rolled-in_scale,train
rolled-in_scale_238,train,rolled-in_scale,train
rolled-in_scale_239,train,rolled-in_scale,train
rolled-in_scale_24,train,rolled-in_scale,train
rolled-in_scale_240,train,rolled-in_scale,val
rolled-in_scale_241,validation,rolled-in_scale,test
rolled-in_scale_242,validation,rolled-in_scale,test
rolled-in_scale_243,validation,rolled-in_scale,test
rolled-in_scale_244,validation,rolled-in_scale,test
rolled-in_scale_245,validation,rolled-in_scale,test
rolled-in_scale_246,validation,rolled-in_scale,test
rolled-in_scale_247,validation,rolled-in_scale,test
rolled-in_scale_248,validation,rolled-in_scale,test
rolled-in_scale_249,validation,rolled-in_scale,test
rolled-in_scale_25,train,rolled-in_scale,train
rolled-in_scale_250,validation,rolled-in_scale,test
rolled-in_scale_251,validation,rolled-in_scale,test
rolled-in_scale_252,validation,rolled-in_scale,test
rolled-in_scale_253,validation,rolled-in_scale,test
rolled-in_scale_254,validation,rolled-in_scale,test
rolled-in_scale_255,validation,rolled-in_scale,test
rolled-in_scale_256,validation,rolled-in_scale,test
rolled-in_scale_257,validation,rolled-in_scale,test
rolled-in_scale_258,validation,rolled-in_scale,test
rolled-in_scale_259,validation,rolled-in_scale,test
rolled-in_scale_26,train,rolled-in_scale,train
rolled-in_scale_260,validation,rolled-in_scale,test
rolled-in_scale_261,validation,rolled-in_scale,test
rolled-in_scale_262,validation,rolled-in_scale,test
rolled-in_scale_263,validation,rolled-in_scale,test
rolled-in_scale_264,validation,rolled-in_scale,test
rolled-in_scale_265,validation,rolled-in_scale,test
rolled-in_scale_266,validation,rolled-in_scale,test
rolled-in_scale_267,validation,rolled-in_scale,test
rolled-in_scale_268,validation,rolled-in_scale,test
rolled-in_scale_269,validation,rolled-in_scale,test
rolled-in_scale_27,train,rolled-in_scale,val
rolled-in_scale_270,validation,rolled-in_scale,test
rolled-in_scale_271,validation,rolled-in_scale,test
rolled-in_scale_272,validation,rolled-in_scale,test
rolled-in_scale_273,validation,rolled-in_scale,test
rolled-in_scale_274,validation,rolled-in_scale,test
rolled-in_scale_275,validation,rolled-in_scale,test
rolled-in_scale_276,validation,rolled-in_scale,test
rolled-in_scale_277,validation,rolled-in_scale,test
rolled-in_scale_278,validation,rolled-in_scale,test
rolled-in_scale_279,validation,rolled-in_scale,test
rolled-in_scale_28,train,rolled-in_scale,train
rolled-in_scale_280,validation,rolled-in_scale,test
rolled-in_scale_281,validation,rolled-in_scale,test
rolled-in_scale_282,validation,rolled-in_scale,test
rolled-in_scale_283,validation,rolled-in_scale,test
rolled-in_scale_284,validation,rolled-in_scale,test
rolled-in_scale_285,validation,rolled-in_scale,test
rolled-in_scale_286,validation,rolled-in_scale,test
rolled-in_scale_287,validation,rolled-in_scale,test
rolled-in_scale_288,validation,rolled-in_scale,test
rolled-in_scale_289,validation,rolled-in_scale,test
rolled-in_scale_29,train,rolled-in_scale,val
rolled-in_scale_290,validation,rolled-in_scale,test
rolled-in_scale_291,validation,rolled-in_scale,test
rolled-in_scale_292,validation,rolled-in_scale,test
rolled-in_scale_293,validation,rolled-in_scale,test
rolled-in_scale_294,validation,rolled-in_scale,test
rolled-in_scale_295,validation,rolled-in_scale,test
rolled-in_scale_296,validation,rolled-in_scale,test
rolled-in_scale_297,validation,rolled-in_scale,test
rolled-in_scale_298,validation,rolled-in_scale,test
rolled-in_scale_299,validation,rolled-in_scale,test
rolled-in_scale_3,train,rolled-in_scale,train
rolled-in_scale_30,train,rolled-in_scale,train
rolled-in_scale_300,validation,rolled-in_scale,test
rolled-in_scale_31,train,rolled-in_scale,train
rolled-in_scale_32,train,rolled-in_scale,train
rolled-in_scale_33,train,rolled-in_scale,train
rolled-in_scale_34,train,rolled-in_scale,val
rolled-in_scale_35,train,rolled-in_scale,train
rolled-in_scale_36,train,rolled-in_scale,train
rolled-in_scale_37,train,rolled-in_scale,train
rolled-in_scale_38,train,rolled-in_scale,train
rolled-in_scale_39,train,rolled-in_scale,train
rolled-in_scale_4,train,rolled-in_scale,train
rolled-in_scale_40,train,rolled-in_scale,val
rolled-in_scale_41,train,rolled-in_scale,train
rolled-in_scale_42,train,rolled-in_scale,train
rolled-in_scale_43,train,rolled-in_scale,train
rolled-in_scale_44,train,rolled-in_scale,train
rolled-in_scale_45,train,rolled-in_scale,train
rolled-in_scale_46,train,rolled-in_scale,val
rolled-in_scale_47,train,rolled-in_scale,train
rolled-in_scale_48,train,rolled-in_scale,train
rolled-in_scale_49,train,rolled-in_scale,train
rolled-in_scale_5,train,rolled-in_scale,train
rolled-in_scale_50,train,rolled-in_scale,val
rolled-in_scale_51,train,rolled-in_scale,train
rolled-in_scale_52,train,rolled-in_scale,val
rolled-in_scale_53,train,rolled-in_scale,train
rolled-in_scale_54,train,rolled-in_scale,train
rolled-in_scale_55,train,rolled-in_scale,train
rolled-in_scale_56,train,rolled-in_scale,train
rolled-in_scale_57,train,rolled-in_scale,val
rolled-in_scale_58,train,rolled-in_scale,val
rolled-in_scale_59,train,rolled-in_scale,train
rolled-in_scale_6,train,rolled-in_scale,train
rolled-in_scale_60,train,rolled-in_scale,train
rolled-in_scale_61,train,rolled-in_scale,val
rolled-in_scale_62,train,rolled-in_scale,train
rolled-in_scale_63,train,rolled-in_scale,train
rolled-in_scale_64,train,rolled-in_scale,train
rolled-in_scale_65,train,rolled-in_scale,train
rolled-in_scale_66,train,rolled-in_scale,val
rolled-in_scale_67,train,rolled-in_scale,train
rolled-in_scale_68,train,rolled-in_scale,train
rolled-in_scale_69,train,rolled-in_scale,train
rolled-in_scale_7,train,rolled-in_scale,val
rolled-in_scale_70,train,rolled-in_scale,train
rolled-in_scale_71,train,rolled-in_scale,train
rolled-in_scale_72,train,rolled-in_scale,train
rolled-in_scale_73,train,rolled-in_scale,train
rolled-in_scale_74,train,rolled-in_scale,train
rolled-in_scale_75,train,rolled-in_scale,train
rolled-in_scale_76,train,rolled-in_scale,train
rolled-in_scale_77,train,rolled-in_scale,train
rolled-in_scale_78,train,rolled-in_scale,val
rolled-in_scale_79,train,rolled-in_scale,val
rolled-in_scale_8,train,rolled-in_scale,train
rolled-in_scale_80,train,rolled-in_scale,train
rolled-in_scale_81,train,rolled-in_scale,val
rolled-in_scale_82,train,rolled-in_scale,train
rolled-in_scale_83,train,rolled-in_scale,val
rolled-in_scale_84,train,rolled-in_scale,train
rolled-in_scale_85,train,rolled-in_scale,train
rolled-in_scale_86,train,rolled-in_scale,train
rolled-in_scale_87,train,rolled-in_scale,train
rolled-in_scale_88,train,rolled-in_scale,train
rolled-in_scale_89,train,rolled-in_scale,train
rolled-in_scale_9,train,rolled-in_scale,train
rolled-in_scale_90,train,rolled-in_scale,train
rolled-in_scale_91,train,rolled-in_scale,train
rolled-in_scale_92,train,rolled-in_scale,train
rolled-in_scale_93,train,rolled-in_scale,val
rolled-in_scale_94,train,rolled-in_scale,train
rolled-in_scale_95,train,rolled-in_scale,train
rolled-in_scale_96,train,rolled-in_scale,train
rolled-in_scale_97,train,rolled-in_scale,train
rolled-in_scale_98,train,rolled-in_scale,train
rolled-in_scale_99,train,rolled-in_scale,train
scratches_1,train,scratches,train
scratches_10,train,scratches,train
scratches_100,train,scratches,train
scratches_101,train,scratches,train
scratches_102,train,scratches,train
scratches_103,train,scratches,train
scratches_104,train,scratches,train
scratches_105,train,scratches,train
scratches_106,train,scratches,train
scratches_107,train,scratches,train
scratches_108,train,inclusion+scratches,val
scratches_109,train,inclusion+scratches,train
scratches_11,train,scratches,train
scratches_110,train,inclusion+scratches,train
scratches_111,train,inclusion+scratches,train
scratches_112,train,scratches,val
scratches_113,train,inclusion+scratches,train
scratches_114,train,scratches,val
scratches_115,train,inclusion+scratches,train
scratches_116,train,scratches,train
scratches_117,train,scratches,train
scratches_118,train,inclusion+scratches,train
scratches_119,train,scratches,train
scratches_12,train,scratches,val
scratches_120,train,inclusion+scratches,train
scratches_121,train,inclusion+scratches,train
scratches_122,train,inclusion+scratches,train
scratches_123,train,scratches,train
scratches_124,train,scratches,val
scratches_125,train,scratches,train
scratches_126,train,scratches,val
scratches_127,train,inclusion+scratches,val
scratches_128,train,inclusion+scratches,train
scratches_129,train,inclusion+scratches,train
scratches_13,train,scratches,train
scratches_130,train,inclusion+scratches,train
scratches_131,train,inclusion+scratches,train
scratches_132,train,inclusion+scratches,train
scratches_133,train,scratches,val
scratches_134,train,scratches,train
scratches_135,train,inclusion+scratches,train
scratches_136,train,scratches,train
scratches_137,train,inclusion+scratches,val
scratches_138,train,inclusion+scratches,train
scratches_139,train,inclusion+scratches,train
scratches_14,train,scratches,train
scratches_140,train,inclusion+scratches,train
scratches_141,train,inclusion+scratches,train
scratches_142,train,scratches,train
scratches_143,train,inclusion+scratches,train
scratches_144,train,scratches,train
scratches_145,train,scratches,train
scratches_146,train,inclusion+scratches,train
scratches_147,train,scratches,val
scratches_148,train,scratches,train
scratches_149,train,scratches,train
scratches_15,train,scratches,train
scratches_150,train,scratches,train
scratches_151,train,scratches,train
scratches_152,train,scratches,val
scratches_153,train,scratches,val
scratches_154,train,scratches,train
scratches_155,train,scratches,train
scratches_156,train,scratches,train
scratches_157,train,scratches,train
scratches_158,train,scratches,train
scratches_159,train,scratches,train
scratches_16,train,scratches,train
scratches_160,train,scratches,train
scratches_161,train,scratches,train
scratches_162,train,scratches,train
scratches_163,train,scratches,train
scratches_164,train,scratches,train
scratches_165,train,scratches,train
scratches_166,train,scratches,train
scratches_167,train,scratches,train
scratches_168,train,scratches,train
scratches_169,train,scratches,train
scratches_17,train,scratches,train
scratches_170,train,scratches,train
scratches_171,train,scratches,train
scratches_172,train,scratches,val
scratches_173,train,scratches,train
scratches_174,train,scratches,train
scratches_175,train,scratches,train
scratches_176,train,scratches,val
scratches_177,train,scratches,train
scratches_178,train,scratches,train
scratches_179,train,scratches,train
scratches_18,train,scratches,train
scratches_180,train,scratches,train
scratches_181,train,scratches,train
scratches_182,train,scratches,train
scratches_183,train,scratches,train
scratches_184,train,scratches,train
scratches_185,train,scratches,train
scratches_186,train,scratches,train
scratches_187,train,scratches,train
scratches_188,train,scratches,val
scratches_189,train,scratches,val
scratches_19,train,scratches,train
scratches_190,train,scratches,train
scratches_191,train,scratches,train
scratches_192,train,scratches,train
scratches_193,train,scratches,train
scratches_194,train,scratches,train
scratches_195,train,scratches,train
scratches_196,train,scratches,val
scratches_197,train,scratches,train
scratches_198,train,scratches,val
scratches_199,train,scratches,train
scratches_2,train,scratches,train
scratches_20,train,scratches,train
scratches_200,train,scratches,train
scratches_201,train,scratches,train
scratches_202,train,scratches,train
scratches_203,train,scratches,train
scratches_204,train,scratches,train
scratches_205,train,scratches,train
scratches_206,train,scratches,val
scratches_207,train,scratches,train
scratches_208,train,scratches,train
scratches_209,train,inclusion+scratches,train
scratches_21,train,scratches,val
scratches_210,train,inclusion+scratches,train
scratches_211,train,inclusion+scratches,train
scratches_212,train,scratches,val
scratches_213,train,scratches,val
scratches_214,train,scratches,train
scratches_215,train,scratches,train
scratches_216,train,inclusion+scratches,val
scratches_217,train,scratches,train
scratches_218,train,scratches,val
scratches_219,train,scratches,train
scratches_22,train,scratches,train
scratches_220,train,scratches,train
scratches_221,train,scratches,train
scratches_222,train,inclusion+scratches,train
scratches_223,train,inclusion+scratches,train
scratches_224,train,inclusion+scratches,train
scratches_225,train,inclusion+scratches,train
scratches_226,train,inclusion+scratches,val
scratches_227,train,scratches,train
scratches_229,train,inclusion+scratches,train
scratches_23,train,scratches,train
scratches_230,train,inclusion+scratches,train
scratches_231,train,inclusion+scratches,train
scratches_232,train,scratches,val
scratches_233,train,inclusion+scratches,train
scratches_234,train,scratches,val
scratches_235,train,scratches,val
scratches_236,train,inclusion+scratches,train
scratches_237,train,scratches,train
scratches_238,train,scratches,train
scratches_239,train,scratches,train
scratches_24,train,scratches,train
scratches_240,train,scratches,train
scratches_241,validation,scratches,test
scratches_242,validation,inclusion+scratches,test
scratches_243,validation,scratches,test
scratches_244,validation,inclusion+scratches,test
scratches_245,validation,scratches,test
scratches_246,validation,scratches,test
scratches_247,validation,scratches,test
scratches_248,validation,scratches,test
scratches_249,validation,scratches,test
scratches_25,train,scratches,val
scratches_250,validation,scratches,test
scratches_251,validation,scratches,test
scratches_252,validation,scratches,test
scratches_253,validation,scratches,test
scratches_254,validation,scratches,test
scratches_255,validation,scratches,test
scratches_256,validation,scratches,test
scratches_257,validation,scratches,test
scratches_258,validation,scratches,test
scratches_259,validation,scratches,test
scratches_26,train,scratches,train
scratches_260,validation,scratches,test
scratches_261,validation,scratches,test
scratches_262,validation,scratches,test
scratches_263,validation,scratches,test
scratches_264,validation,scratches,test
scratches_265,validation,scratches,test
scratches_266,validation,scratches,test
scratches_267,validation,scratches,test
scratches_268,validation,scratches,test
scratches_269,validation,scratches,test
scratches_27,train,scratches,train
scratches_270,validation,scratches,test
scratches_271,validation,scratches,test
scratches_272,validation,scratches,test
scratches_273,validation,scratches,test
scratches_274,validation,scratches,test
scratches_275,validation,scratches,test
scratches_276,validation,scratches,test
scratches_277,validation,scratches,test
scratches_278,validation,scratches,test
scratches_279,validation,scratches,test
scratches_28,train,scratches,train
scratches_280,validation,scratches,test
scratches_281,validation,scratches,test
scratches_282,validation,scratches,test
scratches_283,validation,scratches,test
scratches_284,validation,scratches,test
scratches_285,validation,scratches,test
scratches_286,validation,scratches,test
scratches_287,validation,scratches,test
scratches_288,validation,scratches,test
scratches_289,validation,scratches,test
scratches_29,train,scratches,train
scratches_290,validation,inclusion+scratches,test
scratches_291,validation,scratches,test
scratches_292,validation,scratches,test
scratches_293,validation,scratches,test
scratches_294,validation,scratches,test
scratches_295,validation,scratches,test
scratches_296,validation,scratches,test
scratches_297,validation,scratches,test
scratches_298,validation,scratches,test
scratches_299,validation,scratches,test
scratches_3,train,scratches,train
scratches_30,train,scratches,train
scratches_300,validation,scratches,test
scratches_31,train,scratches,train
scratches_32,train,inclusion+scratches,val
scratches_33,train,inclusion+scratches,val
scratches_34,train,scratches,train
scratches_35,train,scratches,train
scratches_36,train,scratches,train
scratches_37,train,scratches,train
scratches_38,train,scratches,train
scratches_39,train,scratches,train
scratches_4,train,scratches,train
scratches_40,train,scratches,val
scratches_41,train,scratches,train
scratches_42,train,scratches,train
scratches_43,train,scratches,val
scratches_44,train,scratches,train
scratches_45,train,scratches,val
scratches_46,train,scratches,val
scratches_47,train,scratches,train
scratches_48,train,inclusion+scratches,val
scratches_49,train,scratches,train
scratches_5,train,scratches,train
scratches_50,train,scratches,train
scratches_51,train,scratches,train
scratches_52,train,scratches,val
scratches_53,train,scratches,train
scratches_54,train,scratches,train
scratches_55,train,scratches,train
scratches_56,train,scratches,val
scratches_57,train,scratches,val
scratches_58,train,scratches,train
scratches_59,train,scratches,train
scratches_6,train,scratches,train
scratches_60,train,scratches,train
scratches_61,train,scratches,val
scratches_62,train,scratches,train
scratches_63,train,scratches,train
scratches_64,train,scratches,train
scratches_65,train,scratches,train
scratches_66,train,scratches,train
scratches_67,train,scratches,train
scratches_68,train,scratches,val
scratches_69,train,inclusion+scratches,train
scratches_7,train,inclusion+scratches,train
scratches_70,train,scratches,train
scratches_71,train,scratches,train
scratches_72,train,scratches,train
scratches_73,train,scratches,train
scratches_74,train,scratches,train
scratches_75,train,scratches,train
scratches_76,train,scratches,train
scratches_77,train,scratches,val
scratches_78,train,scratches,train
scratches_79,train,scratches,train
scratches_8,train,scratches,train
scratches_80,train,scratches,train
scratches_81,train,scratches,val
scratches_82,train,scratches,train
scratches_83,train,scratches,val
scratches_84,train,scratches,train
scratches_85,train,scratches,val
scratches_86,train,scratches,train
scratches_87,train,scratches,train
scratches_88,train,scratches,train
scratches_89,train,scratches,train
scratches_9,train,scratches,val
scratches_90,train,scratches,train
scratches_91,train,scratches,train
scratches_92,train,inclusion+scratches,val
scratches_93,train,scratches,train
scratches_94,train,inclusion+scratches,train
scratches_95,train,scratches,train
scratches_96,train,scratches,train
scratches_97,train,inclusion+scratches,train
scratches_98,train,scratches,train
scratches_99,train,scratches,val
